osama,111,osama@gmail.com,Osama Abu-elnasr
magdy,222,magdy@gmail.com,Magdy Rashad
badran,333,badran@gmail.com,Badran Hassan
abdullaziz,444,abdu@gmail.com,Abdullaziz Shehab
rasha,555,rasha@gmail.com,Rasha Sakr
sherief,666,sherif@gmail.com,Sherif Barakat
sherihan,777,sherihan@gmail.com,Sherihan Abu-Elanen
mervet,888,mervet@gmail.com,Mervet Abu-Elkhair