omarshatta98,8298,omarshatta1998@gmail.com,Omar Shatta
salma,1234,salma_98@gmail.com,Salma Ahmed
samir,276,samir@gmail.com,Samir Shatta
yahea,1111,Yahea@gmail.com,Yahea Shatta
aly,166,Aly@gmail.com,Aly Shatta
eman,123,eman@gmail.com,Eman Aly
gana,456,gana@gmail.com,Gana Ayman
haidy,789,haidy@gmail.com,Haidy Mohammed
kareem,1010,kareem@gmail.com,Kareem Youssef
hesham,1112,heasham@gmail.com,Hesham Ahmed
malak,1314,malak@gmail.com,Malak Ayman
Mazen,1516,mazen@gmail.com,Mazen khaled